<?xml version="1.0" encoding="UTF-8"?>
<document version="1.0" xmlns="http://www.sdl.com/xpp">
 <pages>
 <page relpgnum="1" p1="0" p2="0" p3="0" p4="1" p5="0" p6="0" psrnum="1" plname="title" px="0" py="0" psx="4.99i" psy="8.31i" fsx="6.49i" fsy="10.12i" rotate="0" forcepend="false" lastpage="false" notextinpg="false" filler="false" pfexcept="true" rlfiller="false" pagetype="right">
  <stream type="main" sx="0" sy="0" ssx="0" ssy="0" groupnum="1" svjmode="top" epfilltype="none" class="0" rotate="0" strmrot="0" vj_space="0" cerrors="true" cntedit="false" predit="false" recomp="false" frzcomp="false" ipcbal="false" touched="false" tplaced="false" bplaced="false" firstack="false" lastack="false" direction="false" pgscope="false" hfull="false" vfull="false" here="false" before="false" justified="false" balup="false" baldown="false" balrunaway="false">
   <block type="main" bx="0" by="0" bsx="4.99i" bsy="6.78i" bisy="6.78i" biy="0" rotate="0" svjmode="top" btextlen="6.33i" bslack="0.45i" vjerr="0" pgtbl="0" ipcnum="0" ipcgnum="1" background-color="#FFFFFF" background-color-cmyk="0 0 0 0" justified="true" trymode="expand" fipcblk="true" lipcblk="true" original="true" bottom="true" rtl="false">
    <group class="font" pclass="/frontmatter/fm.title.page/text.line/csc" dh="/frontmatter/fm.title.page/text.line/csc/font" style="font">
     <line xfinal="1.48i" yfinal="0.63i" lnwidth="2.02i" lnmeas="4.99i" lindent="0" rindent="0" prelead="0.33i" qdtype="center" bandwidth="0.05i" letspace="0" maxasc="0.3i" maxdesc="0.15i" ldextra="0" ljerrs="false" cerrors="true" sobprelead="false" edtrcds="false" chngbar="false" first="true" last="false" vkpstart="false" vkpsa="false" kptype="false" kpstart="false" kpsa="false" kpse="false" bkpt="false" nobkpt="false" ebinline="false" lepgraf="false" leitm="true" quadset="false" tbstart="false" tbsa="false" tbend="false" tbrhd="false" bmline="false"><?xpp pubcode;AJ2D?><?xpp headnoteCols;2-col?><?xpp suppType;bound?><?xpp casesCols;2-col?><?xpp issueDate;2012;05;;no?><tag name="frontmatter"/><tag name="fm.pub.variable"><attr name="name">matnum</attr></tag><t x="0" y="0" style="fm.pub.variable" suppress="true">41963403</t><endtag name="fm.pub.variable"/><tag name="fm.pub.variable"><attr name="name">itemno</attr></tag><t x="0" y="0" style="fm.pub.variable" suppress="true">IT-9</t><endtag name="fm.pub.variable"/><tag name="fm.title.page"/><tag name="text.line"><attr name="align">c</attr><attr name="emph">bold</attr><attr name="font.size">32q</attr><attr name="pre.leading">2p</attr></tag><tag name="csc"/><tag name="font"><attr name="font.size">40q</attr></tag><t x="0" y="0" style="font">A</t><endtag name="font"/><t x="0" y="0" style="csc">merican</t><endtag name="csc"/></line>
     <line xfinal="0.96i" yfinal="1.07i" lnwidth="3.08i" lnmeas="4.99i" lindent="0" rindent="0" prelead="0" qdtype="center" bandwidth="0.11i" letspace="0" maxasc="0.3i" maxdesc="0.15i" ldextra="0.01i" ljerrs="false" cerrors="true" sobprelead="false" edtrcds="false" chngbar="false" first="false" last="true" vkpstart="false" vkpsa="false" kptype="false" kpstart="false" kpsa="false" kpse="false" bkpt="false" nobkpt="false" ebinline="false" lepgraf="false" leitm="true" quadset="false" tbstart="false" tbsa="false" tbend="false" tbrhd="false" bmline="false"><tag name="endline"/><tag name="csc"/><tag name="font"><attr name="font.size">40q</attr></tag><t x="0" y="0" style="font.1">J</t><endtag name="font"/><t x="0" y="0" style="csc.1">urisprudence</t><endtag name="csc"/><endtag name="text.line"/></line>
    </group>
    <group class="text.line" pclass="/frontmatter/fm.title.page" dh="/frontmatter/fm.title.page/text.line" style="text.line">
     <line xfinal="1.67i" yfinal="1.5i" lnwidth="1.65i" lnmeas="4.99i" lindent="0" rindent="0" prelead="0.17i" qdtype="center" bandwidth="0.06i" letspace="0" maxasc="0.11i" maxdesc="0.06i" ldextra="0" ljerrs="false" cerrors="false" sobprelead="false" edtrcds="false" chngbar="false" first="true" last="true" vkpstart="false" vkpsa="false" kptype="false" kpstart="false" kpsa="false" kpse="false" bkpt="false" nobkpt="false" ebinline="false" lepgraf="false" leitm="true" quadset="false" tbstart="false" tbsa="false" tbend="false" tbrhd="false" bmline="false"><tag name="text.line"><attr name="align">c</attr><attr name="emph">bold</attr><attr name="font.size">12q</attr><attr name="pre.leading">1p</attr></tag><t x="0" y="0" style="text.line">SECOND EDITION</t><endtag name="text.line"/></line>
    </group>
    <group class="fm.date.variable" pclass="/frontmatter/fm.title.page/text.line" dh="/frontmatter/fm.title.page/text.line/fm.date.variable" style="fm.date.variable">
     <line xfinal="2.18i" yfinal="2.08i" lnwidth="0.64i" lnmeas="4.99i" lindent="0" rindent="0" prelead="0.33i" qdtype="center" bandwidth="0.11i" letspace="0" maxasc="0.19i" maxdesc="0.09i" ldextra="0" ljerrs="false" cerrors="true" sobprelead="false" edtrcds="false" chngbar="false" first="true" last="false" vkpstart="false" vkpsa="false" kptype="false" kpstart="false" kpsa="false" kpse="false" bkpt="false" nobkpt="false" ebinline="false" lepgraf="false" leitm="true" quadset="false" tbstart="false" tbsa="false" tbend="false" tbrhd="false" bmline="false"><tag name="text.line"><attr name="align">c</attr><attr name="emph">bold</attr><attr name="font.size">20q</attr><attr name="pre.leading">2p</attr></tag><tag name="fm.date.variable"><attr name="name">pubYear</attr></tag><?xpp nul)?><t x="0" y="0" style="fm.date.variable">2017</t><endtag name="fm.date.variable"/></line>
     <line xfinal="1.45i" yfinal="2.36i" lnwidth="2.09i" lnmeas="4.99i" lindent="0" rindent="0" prelead="0" qdtype="center" bandwidth="0.07i" letspace="0" maxasc="0.19i" maxdesc="0.09i" ldextra="0.01i" ljerrs="false" cerrors="false" sobprelead="false" edtrcds="false" chngbar="false" first="false" last="false" vkpstart="false" vkpsa="false" kptype="false" kpstart="false" kpsa="false" kpse="false" bkpt="false" nobkpt="false" ebinline="false" lepgraf="false" leitm="true" quadset="false" tbstart="false" tbsa="false" tbend="false" tbrhd="false" bmline="false"><tag name="endline"/><t x="0" y="0" style="text.line.1">CUMULATIVE </t></line>
     <line xfinal="1.41i" yfinal="2.64i" lnwidth="2.16i" lnmeas="4.99i" lindent="0" rindent="0" prelead="0" qdtype="center" bandwidth="0.07i" letspace="0" maxasc="0.19i" maxdesc="0.09i" ldextra="0.01i" ljerrs="false" cerrors="false" sobprelead="false" edtrcds="false" chngbar="false" first="false" last="true" vkpstart="false" vkpsa="false" kptype="false" kpstart="false" kpsa="false" kpse="false" bkpt="false" nobkpt="false" ebinline="false" lepgraf="false" leitm="true" quadset="false" tbstart="false" tbsa="false" tbend="false" tbrhd="false" bmline="false"><tag name="endline"/><t x="0" y="0" style="text.line.1">SUPPLEMENT</t><endtag name="text.line"/></line>
    </group>
    <group class="text.line" pclass="/frontmatter/fm.title.page" dh="/frontmatter/fm.title.page/text.line" style="text.line.2">
     <line xfinal="1.65i" yfinal="3.09i" lnwidth="1.7i" lnmeas="4.99i" lindent="0" rindent="0" prelead="0.25i" qdtype="center" bandwidth="0.05i" letspace="0" maxasc="0.1i" maxdesc="0.05i" ldextra="0" ljerrs="false" cerrors="true" sobprelead="false" edtrcds="false" chngbar="false" first="true" last="true" vkpstart="false" vkpsa="false" kptype="false" kpstart="false" kpsa="false" kpse="false" bkpt="false" nobkpt="false" ebinline="false" lepgraf="false" leitm="true" quadset="false" tbstart="false" tbsa="false" tbend="false" tbrhd="false" bmline="false"><tag name="text.line"><attr name="align">c</attr><attr name="emph">bold</attr><attr name="font.size">11q</attr><attr name="pre.leading">1.6p</attr></tag><t x="0" y="0" style="text.line.2">ISSUED IN </t><tag name="fm.date.variable"><attr name="case">upper</attr><attr name="format">MMMM</attr><attr name="name">pubMonth</attr></tag><t x="0" y="0" style="fm.date.variable.1">MAY</t><endtag name="fm.date.variable"/><t x="0" y="0" style="text.line.2"> </t><tag name="fm.date.variable"><attr name="name">pubYear</attr></tag><?xpp nul)?><t x="0" y="0" style="fm.date.variable.1">2017</t><endtag name="fm.date.variable"/><endtag name="text.line"/></line>
    </group>
    <group class="text.line" pclass="/frontmatter/fm.title.page" dh="/frontmatter/fm.title.page/text.line" style="text.line.3">
     <line xfinal="2.19i" yfinal="3.57i" lnwidth="0.61i" lnmeas="4.99i" lindent="0" rindent="0" prelead="0.33i" qdtype="center" bandwidth="0.04i" letspace="0" maxasc="0.1i" maxdesc="0.05i" ldextra="0" ljerrs="false" cerrors="false" sobprelead="false" edtrcds="false" chngbar="false" first="true" last="true" vkpstart="false" vkpsa="false" kptype="false" kpstart="false" kpsa="false" kpse="false" bkpt="false" nobkpt="false" ebinline="false" lepgraf="false" leitm="true" quadset="false" tbstart="false" tbsa="false" tbend="false" tbrhd="false" bmline="false"><tag name="text.line"><attr name="align">c</attr><attr name="emph">bold</attr><attr name="font.size">11q</attr><attr name="font.variant">times</attr><attr name="pre.leading">2p</attr></tag><t x="0" y="0" style="text.line.3">Volume </t><tag name="fm.variable"><attr name="name">volno</attr></tag><t x="0" y="0" style="fm.variable">6</t><endtag name="fm.variable"/><endtag name="text.line"/></line>
    </group>
    <group class="fm.title.page" pclass="/frontmatter" dh="/frontmatter/fm.title.page" style="fm.title.page">
     <line xfinal="1.08i" yfinal="5.38i" lnwidth="2.83i" lnmeas="4.99i" lindent="0" rindent="0" prelead="1.66i" qdtype="center" bandwidth="0.11i" letspace="0" maxasc="0.09i" maxdesc="0.05i" ldextra="0.06i" ljerrs="false" cerrors="false" sobprelead="false" edtrcds="false" chngbar="false" first="true" last="true" vkpstart="false" vkpsa="false" kptype="false" kpstart="false" kpsa="false" kpse="false" bkpt="false" nobkpt="false" ebinline="false" lepgraf="false" leitm="true" quadset="false" tbstart="false" tbsa="false" tbend="false" tbrhd="false" bmline="false"><tag name="text.line"><attr name="align">c</attr><attr name="pre.leading">10p</attr></tag><tag name="textrule"><attr name="length">17p</attr><attr name="weight">1q</attr></tag><rule x="0" y="0" w="2.83i" d="0.01i" color="#000000" color-cmyk="0 0 0 1"/><endtag name="text.line"/></line>
    </group>
    <group class="text.line" pclass="/frontmatter/fm.title.page" dh="/frontmatter/fm.title.page/text.line" style="text.line.4">
     <line xfinal="1.19i" yfinal="5.67i" lnwidth="2.6i" lnmeas="4.99i" lindent="0" rindent="0" prelead="0.11i" qdtype="center" bandwidth="0.04i" letspace="0" maxasc="0.08i" maxdesc="0.04i" ldextra="0" ljerrs="false" cerrors="false" sobprelead="false" edtrcds="false" chngbar="false" first="true" last="true" vkpstart="false" vkpsa="false" kptype="false" kpstart="false" kpsa="false" kpse="false" bkpt="false" nobkpt="false" ebinline="false" lepgraf="false" leitm="true" quadset="false" tbstart="false" tbsa="false" tbend="false" tbrhd="false" bmline="false"><tag name="text.line"><attr name="align">c</attr><attr name="emph">bold</attr><attr name="font.size">9q</attr><attr name="pre.leading">8q</attr></tag><t x="0" y="0" style="text.line.4">INSERT IN BACK OF BOUND VOLUME</t><endtag name="text.line"/></line>
    </group>
    <group class="text.line" pclass="/frontmatter/fm.title.page" dh="/frontmatter/fm.title.page/text.line" style="text.line.5">
     <line xfinal="0.27i" yfinal="6.16i" lnwidth="4.44i" lnmeas="4.99i" lindent="0" rindent="0" prelead="0.33i" qdtype="center" bandwidth="0.06i" letspace="0" maxasc="0.11i" maxdesc="0.06i" ldextra="0" ljerrs="true" cerrors="false" sobprelead="false" edtrcds="false" chngbar="false" first="true" last="false" vkpstart="false" vkpsa="false" kptype="false" kpstart="false" kpsa="false" kpse="false" bkpt="false" nobkpt="false" ebinline="false" lepgraf="false" leitm="false" quadset="false" tbstart="false" tbsa="false" tbend="false" tbrhd="false" bmline="false"><tag name="text.line"><attr name="align">c</attr><attr name="font.size">12q</attr><attr name="pre.leading">2p</attr></tag><t x="0" y="0" style="text.line.5">Covers legislation through Public Law 114-248 and cases </t></line>
     <line xfinal="1.7i" yfinal="6.33i" lnwidth="1.59i" lnmeas="4.99i" lindent="0" rindent="0" prelead="0" qdtype="center" bandwidth="0.06i" letspace="0" maxasc="0.11i" maxdesc="0.06i" ldextra="0" ljerrs="false" cerrors="false" sobprelead="false" edtrcds="false" chngbar="false" first="false" last="true" vkpstart="false" vkpsa="false" kptype="false" kpstart="false" kpsa="false" kpse="false" bkpt="false" nobkpt="false" ebinline="false" lepgraf="false" leitm="true" quadset="false" tbstart="false" tbsa="false" tbend="false" tbrhd="false" bmline="false"><t x="0" y="0" style="text.line.5">through March 2017</t><endtag name="text.line"/><endtag name="fm.title.page"/></line>
    </group>
   </block>
  </stream>
  <stream type="frills" sx="0" sy="0" ssx="0" ssy="0" groupnum="6" svjmode="bottom" epfilltype="none" class="0" rotate="0" strmrot="0" vj_space="0" cerrors="false" cntedit="false" predit="false" recomp="false" frzcomp="false" ipcbal="false" touched="false" tplaced="false" bplaced="false" firstack="false" lastack="false" direction="false" pgscope="false" hfull="false" vfull="false" here="false" before="false" justified="false" balup="false" baldown="false" balrunaway="false">
   <block type="frill" id="0" bx="0" by="6.78i" bsx="4.99i" bsy="1.16i" bisy="1.16i" biy="6.78i" rotate="0" svjmode="bottom" btextlen="1.02i" bslack="0.14i" vjerr="0" pgtbl="0" ipcnum="0" ipcgnum="1" background-color="#FFFFFF" background-color-cmyk="0 0 0 0" justified="true" trymode="expand" fipcblk="true" lipcblk="true" original="true" bottom="false" rtl="false">
    <group class="unknown" pclass="" dh="/unknown" style="unknown">
     <line xfinal="1.11i" yfinal="0.28i" lnwidth="2.77i" lnmeas="4.99i" lindent="0" rindent="0" prelead="0" qdtype="center" bandwidth="0.05i" letspace="0" maxasc="0.13i" maxdesc="0.76i" ldextra="0" ljerrs="false" cerrors="false" sobprelead="false" edtrcds="false" chngbar="false" first="false" last="false" vkpstart="false" vkpsa="false" kptype="false" kpstart="false" kpsa="false" kpse="false" bkpt="false" nobkpt="false" ebinline="false" lepgraf="false" leitm="false" quadset="true" tbstart="false" tbsa="false" tbend="false" tbrhd="false" bmline="false"><tag name="new_westhorz"/><image id="thwest-k" type="tif" path="/apps/xpp/shared/images/lib01/thwest-k" x="0" y="-0.13i" w="2.77i" h="1.02i" color="#000000" color-cmyk="0 0 0 1" rotation="0" priority="0" scale="1.000000" cropx="0" cropy="0" cropw="2.77i" croph="1.02i"/></line>
     <line xfinal="0" yfinal="1.16i" lnwidth="0.05i" lnmeas="4.99i" lindent="0" rindent="0" prelead="0" qdtype="left" bandwidth="0.05i" letspace="0" maxasc="0.13i" maxdesc="0.07i" ldextra="0" ljerrs="false" cerrors="false" sobprelead="false" edtrcds="false" chngbar="false" first="false" last="false" vkpstart="false" vkpsa="false" kptype="false" kpstart="false" kpsa="false" kpse="false" bkpt="false" nobkpt="true" ebinline="false" lepgraf="false" leitm="false" quadset="true" tbstart="false" tbsa="false" tbend="false" tbrhd="false" bmline="false"><t x="0" y="0" style="new_westhorz" cgt="true">&#8201;</t></line>
    </group>
   </block>
   <block type="frill" id="0" bx="0" by="8.02i" bsx="4.99i" bsy="0.12i" bisy="0.12i" biy="8.02i" rotate="0" svjmode="bottom" btextlen="0.08i" bslack="0.04i" vjerr="0" pgtbl="0" ipcnum="0" ipcgnum="2" background-color="#FFFFFF" background-color-cmyk="0 0 0 0" justified="true" trymode="expand" fipcblk="true" lipcblk="true" original="true" bottom="false" rtl="false">
    <group class="unknown" pclass="" dh="/unknown" style="unknown.1">
     <line xfinal="1.25i" yfinal="0.12i" lnwidth="2.65i" lnmeas="4.99i" lindent="0.17i" rindent="0" prelead="0.11i" qdtype="center" bandwidth="0.04i" letspace="0" maxasc="0.08i" maxdesc="0.04i" ldextra="0" ljerrs="false" cerrors="false" sobprelead="true" edtrcds="false" chngbar="false" first="false" last="false" vkpstart="false" vkpsa="false" kptype="false" kpstart="false" kpsa="false" kpse="false" bkpt="false" nobkpt="false" ebinline="false" lepgraf="false" leitm="false" quadset="true" tbstart="false" tbsa="false" tbend="false" tbrhd="false" bmline="false"><tag name="custserv"/><t x="0" y="0" style="custserv" cgt="true">For Customer Assistance Call 1-800-328-4880<?xpp /qc?></t></line>
    </group>
   </block>
   <block type="frill" id="0" bx="0" by="8.19i" bsx="4.99i" bsy="0.12i" bisy="0.12i" biy="8.19i" rotate="0" svjmode="bottom" btextlen="0.13i" bslack="0" vjerr="-0.01i" pgtbl="0" ipcnum="0" ipcgnum="3" background-color="#FFFFFF" background-color-cmyk="0 0 0 0" justified="false" trymode="expand" fipcblk="true" lipcblk="true" original="true" bottom="false" rtl="false">
    <group class="unknown" pclass="" dh="/unknown" style="unknown">
     <line xfinal="0" yfinal="0.13i" lnwidth="0" lnmeas="4.99i" lindent="0" rindent="0" prelead="0" qdtype="left" bandwidth="0.05i" letspace="0" maxasc="0.13i" maxdesc="0.07i" ldextra="0" ljerrs="false" cerrors="false" sobprelead="false" edtrcds="false" chngbar="false" first="false" last="false" vkpstart="false" vkpsa="false" kptype="false" kpstart="false" kpsa="false" kpse="false" bkpt="false" nobkpt="false" ebinline="false" lepgraf="false" leitm="false" quadset="false" tbstart="false" tbsa="false" tbend="false" tbrhd="false" bmline="false"><tag name="titlefooter"/></line>
    </group>
   </block>
   <block type="frill" id="0" bx="0" by="8.19i" bsx="4.99i" bsy="0.12i" bisy="0.12i" biy="8.19i" rotate="0" svjmode="bottom" btextlen="0.13i" bslack="0" vjerr="-0.01i" pgtbl="0" ipcnum="0" ipcgnum="4" background-color="#FFFFFF" background-color-cmyk="0 0 0 0" justified="false" trymode="expand" fipcblk="true" lipcblk="true" original="true" bottom="false" rtl="false">
    <group class="unknown" pclass="" dh="/unknown" style="unknown">
     <line xfinal="0" yfinal="0.13i" lnwidth="0" lnmeas="4.99i" lindent="0" rindent="0" prelead="0" qdtype="left" bandwidth="0.05i" letspace="0" maxasc="0.13i" maxdesc="0.07i" ldextra="0" ljerrs="false" cerrors="false" sobprelead="false" edtrcds="false" chngbar="false" first="false" last="false" vkpstart="false" vkpsa="false" kptype="false" kpstart="false" kpsa="false" kpse="false" bkpt="false" nobkpt="false" ebinline="false" lepgraf="false" leitm="false" quadset="false" tbstart="false" tbsa="false" tbend="false" tbrhd="false" bmline="false"><tag name="FSTART"/><t x="0" y="0" style="FSTART" cgt="true" suppress="true">@FSTART@</t><tag name="px"/><t x="0" y="0" style="px" suppress="true">0</t><tag name="pa"/><tag name="FEND"/><t x="0" y="0" style="FEND" cgt="true" suppress="true">@FEND@</t></line>
    </group>
   </block>
   <block type="frill" id="0" bx="0" by="8.19i" bsx="4.99i" bsy="0.12i" bisy="0.12i" biy="8.19i" rotate="0" svjmode="bottom" btextlen="0.1i" bslack="0.02i" vjerr="0" pgtbl="0" ipcnum="0" ipcgnum="5" background-color="#FFFFFF" background-color-cmyk="0 0 0 0" justified="true" trymode="expand" fipcblk="true" lipcblk="true" original="true" bottom="false" rtl="false">
    <group class="unknown" pclass="" dh="/unknown" style="unknown.2">
     <line xfinal="4.73i" yfinal="0.12i" lnwidth="0.26i" lnmeas="4.99i" lindent="0" rindent="0" prelead="0" qdtype="right" bandwidth="0.05i" letspace="0" maxasc="0.1i" maxdesc="0.05i" ldextra="0" ljerrs="false" cerrors="false" sobprelead="false" edtrcds="false" chngbar="false" first="false" last="false" vkpstart="false" vkpsa="false" kptype="false" kpstart="false" kpsa="false" kpse="false" bkpt="false" nobkpt="false" ebinline="false" lepgraf="false" leitm="false" quadset="true" tbstart="false" tbsa="false" tbend="false" tbrhd="false" bmline="false"><?xpp ff;1?><?xpp fv;1?><?xpp sz;11q?><?xpp tr;15;f?><t x="0" y="0" style="tr;15;f" cgt="true">IT-9</t><tag name="qr"/></line>
    </group>
   </block>
   <block type="frill" id="0" bx="0" by="8.31i" bsx="4.99i" bsy="0.17i" bisy="0.17i" biy="8.31i" rotate="0" svjmode="bottom" btextlen="0.07i" bslack="0.09i" vjerr="0" pgtbl="0" ipcnum="0" ipcgnum="6" background-color="#FFFFFF" background-color-cmyk="0 0 0 0" justified="true" trymode="expand" fipcblk="true" lipcblk="true" original="true" bottom="false" rtl="false">
    <group class="unknown" pclass="" dh="/unknown" style="unknown.3">
     <line xfinal="0" yfinal="0.17i" lnwidth="0.8i" lnmeas="4.99i" lindent="0" rindent="0" prelead="0" qdtype="left" bandwidth="0.05i" letspace="0" maxasc="0.07i" maxdesc="0.04i" ldextra="0" ljerrs="false" cerrors="false" sobprelead="false" edtrcds="false" chngbar="false" first="false" last="false" vkpstart="false" vkpsa="false" kptype="false" kpstart="false" kpsa="false" kpse="false" bkpt="false" nobkpt="false" ebinline="false" lepgraf="false" leitm="false" quadset="true" tbstart="false" tbsa="false" tbend="false" tbrhd="false" bmline="false"><tag name="matnum"/><t x="0" y="0" style="matnum" cgt="true">Mat&#8194;#41963403<?xpp /ql?></t></line>
    </group>
   </block>
  </stream>
 </page>
 <page relpgnum="2" p1="0" p2="0" p3="0" p4="2" p5="0" p6="0" psrnum="1" plname="copyr" px="0" py="0" psx="4.99i" psy="8.31i" fsx="6.49i" fsy="10.12i" rotate="0" forcepend="false" lastpage="true" notextinpg="false" filler="false" pfexcept="false" rlfiller="false" pagetype="left">
  <stream type="main" sx="0" sy="0" ssx="0" ssy="0" groupnum="1" svjmode="top" epfilltype="none" class="0" rotate="0" strmrot="0" vj_space="0" cerrors="true" cntedit="false" predit="false" recomp="false" frzcomp="false" ipcbal="false" touched="false" tplaced="false" bplaced="false" firstack="false" lastack="false" direction="false" pgscope="false" hfull="false" vfull="false" here="false" before="false" justified="false" balup="false" baldown="false" balrunaway="false">
   <block type="main" bx="0" by="0" bsx="4.99i" bsy="8.31i" bisy="8.31i" biy="0" rotate="0" svjmode="top" btextlen="4.25i" bslack="4.06i" vjerr="0" pgtbl="0" ipcnum="0" ipcgnum="1" background-color="#FFFFFF" background-color-cmyk="0 0 0 0" justified="true" trymode="expand" fipcblk="true" lipcblk="true" original="true" bottom="true" rtl="false">
    <group class="text.line" pclass="/frontmatter/fm.copyright.page/fm.current.copyright" dh="/frontmatter/fm.copyright.page/fm.current.copyright/text.line" style="text.line.6">
     <line xfinal="1.67i" yfinal="2.09i" lnwidth="1.64i" lnmeas="4.99i" lindent="0" rindent="0" prelead="2i" qdtype="center" bandwidth="0.05i" letspace="0" maxasc="0.09i" maxdesc="0.05i" ldextra="0.01i" ljerrs="false" cerrors="false" sobprelead="false" edtrcds="false" chngbar="false" first="true" last="true" vkpstart="false" vkpsa="false" kptype="false" kpstart="false" kpsa="false" kpse="false" bkpt="false" nobkpt="false" ebinline="false" lepgraf="false" leitm="true" quadset="false" tbstart="false" tbsa="false" tbend="false" tbrhd="false" bmline="false"><tag name="fm.copyright.page"/><tag name="fm.current.copyright"/><tag name="text.line"><attr name="align">c</attr><attr name="pre.leading">12p</attr></tag><t x="0" y="0" style="text.line.6">&#169; </t><tag name="fm.variable"><attr name="name">copyrightYear</attr></tag><t x="0" y="0" style="fm.variable.1">2017</t><endtag name="fm.variable"/><t x="0" y="0" style="text.line.6"> Thomson Reuters</t><endtag name="text.line"/><endtag name="fm.current.copyright"/></line>
    </group>
    <group class="fm.copyright.page" pclass="/frontmatter" dh="/frontmatter/fm.copyright.page" style="fm.copyright.page">
     <line xfinal="0" yfinal="2.48i" lnwidth="4.99i" lnmeas="4.99i" lindent="0" rindent="0" prelead="0.25i" qdtype="justify" bandwidth="0.07i" letspace="0" maxasc="0.08i" maxdesc="0.04i" ldextra="0.01i" ljerrs="true" cerrors="false" sobprelead="true" edtrcds="false" chngbar="false" first="true" last="false" vkpstart="false" vkpsa="false" kptype="false" kpstart="false" kpsa="false" kpse="false" bkpt="false" nobkpt="false" ebinline="false" lepgraf="false" leitm="false" quadset="false" tbstart="false" tbsa="false" tbend="false" tbrhd="false" bmline="false"><tag name="fm.disclaimer"/><t x="0" y="0" style="fm.copyright.page" cgt="true">This publication was created to provide you with accurate and authoritative </t></line>
     <line xfinal="0" yfinal="2.62i" lnwidth="4.99i" lnmeas="4.99i" lindent="0" rindent="0" prelead="0" qdtype="justify" bandwidth="0.04i" letspace="0" maxasc="0.08i" maxdesc="0.04i" ldextra="0.01i" ljerrs="false" cerrors="false" sobprelead="false" edtrcds="false" chngbar="false" first="false" last="false" vkpstart="false" vkpsa="false" kptype="false" kpstart="false" kpsa="false" kpse="false" bkpt="false" nobkpt="false" ebinline="false" lepgraf="false" leitm="false" quadset="false" tbstart="false" tbsa="false" tbend="false" tbrhd="false" bmline="false"><t x="0" y="0" style="fm.copyright.page" cgt="true">information concerning the subject matter covered; however, this publication was not </t></line>
     <line xfinal="0" yfinal="2.76i" lnwidth="4.99i" lnmeas="4.99i" lindent="0" rindent="0" prelead="0" qdtype="justify" bandwidth="0.04i" letspace="0" maxasc="0.08i" maxdesc="0.04i" ldextra="0.01i" ljerrs="false" cerrors="false" sobprelead="false" edtrcds="false" chngbar="false" first="false" last="false" vkpstart="false" vkpsa="false" kptype="false" kpstart="false" kpsa="false" kpse="false" bkpt="false" nobkpt="false" ebinline="false" lepgraf="false" leitm="false" quadset="false" tbstart="false" tbsa="false" tbend="false" tbrhd="false" bmline="false"><t x="0" y="0" style="fm.copyright.page" cgt="true">necessarily prepared by persons licensed to practice law in a particular jurisdiction. </t></line>
     <line xfinal="0" yfinal="2.9i" lnwidth="4.99i" lnmeas="4.99i" lindent="0" rindent="0" prelead="0" qdtype="justify" bandwidth="0.04i" letspace="0" maxasc="0.08i" maxdesc="0.04i" ldextra="0.01i" ljerrs="false" cerrors="false" sobprelead="false" edtrcds="false" chngbar="false" first="false" last="false" vkpstart="false" vkpsa="false" kptype="false" kpstart="false" kpsa="false" kpse="false" bkpt="false" nobkpt="false" ebinline="false" lepgraf="false" leitm="false" quadset="false" tbstart="false" tbsa="false" tbend="false" tbrhd="false" bmline="false"><t x="0" y="0" style="fm.copyright.page" cgt="true">The publisher is not engaged in rendering legal or other professional advice and this </t></line>
     <line xfinal="0" yfinal="3.03i" lnwidth="4.99i" lnmeas="4.99i" lindent="0" rindent="0" prelead="0" qdtype="justify" bandwidth="0.04i" letspace="0" maxasc="0.08i" maxdesc="0.04i" ldextra="0.01i" ljerrs="false" cerrors="false" sobprelead="false" edtrcds="false" chngbar="false" first="false" last="false" vkpstart="false" vkpsa="false" kptype="false" kpstart="false" kpsa="false" kpse="false" bkpt="false" nobkpt="false" ebinline="false" lepgraf="false" leitm="false" quadset="false" tbstart="false" tbsa="false" tbend="false" tbrhd="false" bmline="false"><t x="0" y="0" style="fm.copyright.page" cgt="true">publication is not a substitute for the advice of an attorney. If you require legal or </t></line>
     <line xfinal="0" yfinal="3.17i" lnwidth="4.99i" lnmeas="4.99i" lindent="0" rindent="0" prelead="0" qdtype="justify" bandwidth="0.04i" letspace="0" maxasc="0.08i" maxdesc="0.04i" ldextra="0.01i" ljerrs="false" cerrors="false" sobprelead="false" edtrcds="false" chngbar="false" first="false" last="false" vkpstart="false" vkpsa="false" kptype="false" kpstart="false" kpsa="false" kpse="false" bkpt="false" nobkpt="false" ebinline="false" lepgraf="false" leitm="false" quadset="false" tbstart="false" tbsa="false" tbend="false" tbrhd="false" bmline="false"><t x="0" y="0" style="fm.copyright.page" cgt="true">other expert advice, you should seek the services of a competent attorney or other </t></line>
     <line xfinal="0" yfinal="3.31i" lnwidth="0.73i" lnmeas="4.99i" lindent="0" rindent="0" prelead="0" qdtype="left" bandwidth="0.03i" letspace="0" maxasc="0.08i" maxdesc="0.04i" ldextra="0.01i" ljerrs="false" cerrors="false" sobprelead="false" edtrcds="false" chngbar="false" first="false" last="true" vkpstart="false" vkpsa="false" kptype="false" kpstart="false" kpsa="false" kpse="false" bkpt="false" nobkpt="false" ebinline="false" lepgraf="false" leitm="true" quadset="true" tbstart="false" tbsa="false" tbend="false" tbrhd="false" bmline="false"><t x="0" y="0" style="fm.copyright.page" cgt="true">professional.<?xpp /ql?></t></line>
    </group>
    <group class="fm.copyright.page" pclass="/frontmatter" dh="/frontmatter/fm.copyright.page" style="fm.copyright.page">
     <line xfinal="0" yfinal="3.7i" lnwidth="4.99i" lnmeas="4.99i" lindent="0" rindent="0" prelead="0.25i" qdtype="justify" bandwidth="0.04i" letspace="0" maxasc="0.08i" maxdesc="0.04i" ldextra="0.01i" ljerrs="false" cerrors="true" sobprelead="true" edtrcds="false" chngbar="false" first="true" last="false" vkpstart="false" vkpsa="false" kptype="false" kpstart="false" kpsa="false" kpse="false" bkpt="false" nobkpt="false" ebinline="false" lepgraf="false" leitm="false" quadset="false" tbstart="false" tbsa="false" tbend="false" tbrhd="false" bmline="false"><tag name="fm.copyright.clearance"/><t x="0" y="0" style="fm.copyright.page" cgt="true">For authorization to photocopy, please contact the <?xpp /xs;100;%fvariant?><?xpp /mc;x100=0;fv(1);nul?><?xpp /fv;1?><?xpp /mc;x100=2;fv(3);nul?><?xpp /mc;x100=3;fv(1);nul?><?xpp /mc;#112=1;fv(1);nul?></t><t x="0" y="0" style="fm.copyright.page.1" cgt="true">Copyright Clearance Center <?xpp /mc;%inmath;nul;skp?><?xpp Mfv;%mathmed;0?><?xpp /mc;%inmath;nul;skp?><?xpp mtk;%mathmdtk?><?xpp /mc;%inmath;skp;nul?><?xpp /fv;0?></t><t x="0" y="0" style="fm.copyright.page" cgt="true">at </t></line>
     <line xfinal="0" yfinal="3.84i" lnwidth="4.99i" lnmeas="4.99i" lindent="0" rindent="0" prelead="0" qdtype="justify" bandwidth="0.04i" letspace="0" maxasc="0.08i" maxdesc="0.04i" ldextra="0.01i" ljerrs="false" cerrors="false" sobprelead="false" edtrcds="false" chngbar="false" first="false" last="false" vkpstart="false" vkpsa="false" kptype="false" kpstart="false" kpsa="false" kpse="false" bkpt="false" nobkpt="false" ebinline="false" lepgraf="false" leitm="false" quadset="false" tbstart="false" tbsa="false" tbend="false" tbrhd="false" bmline="false"><t x="0" y="0" style="fm.copyright.page" cgt="true">222 Rosewood Drive, Danvers, MA 01923, USA (978) 750-8400; fax (978) 646-8600 or </t></line>
     <line xfinal="0" yfinal="3.98i" lnwidth="4.99i" lnmeas="4.99i" lindent="0" rindent="0" prelead="0" qdtype="justify" bandwidth="0.04i" letspace="0" maxasc="0.08i" maxdesc="0.04i" ldextra="0.01i" ljerrs="false" cerrors="false" sobprelead="false" edtrcds="false" chngbar="false" first="false" last="false" vkpstart="false" vkpsa="false" kptype="false" kpstart="false" kpsa="false" kpse="false" bkpt="false" nobkpt="false" ebinline="false" lepgraf="false" leitm="false" quadset="false" tbstart="false" tbsa="false" tbend="false" tbrhd="false" bmline="false"><?xpp /xs;100;%fvariant?><?xpp /mc;x100=0;fv(1);nul?><?xpp /fv;1?><?xpp /fv;1?><?xpp /fv;1?><?xpp /fv;1?><?xpp /mc;x100=2;fv(3);nul?><?xpp /mc;x100=3;fv(1);nul?><?xpp /mc;#112=1;fv(1);nul?><t x="0" y="0" style="fm.copyright.page.1" cgt="true">West&#8217;s Copyright Services<?xpp /mc;%inmath;nul;skp?><?xpp Mfv;%mathmed;0?><?xpp /mc;%inmath;nul;skp?><?xpp mtk;%mathmdtk?><?xpp /mc;%inmath;skp;nul?><?xpp /fv;0?></t><t x="0" y="0" style="fm.copyright.page" cgt="true"> at 610 Opperman Drive, Eagan, MN 55123, fax (651) </t></line>
     <line xfinal="0" yfinal="4.12i" lnwidth="4.99i" lnmeas="4.99i" lindent="0" rindent="0" prelead="0" qdtype="justify" bandwidth="0.05i" letspace="0" maxasc="0.08i" maxdesc="0.04i" ldextra="0.01i" ljerrs="false" cerrors="false" sobprelead="false" edtrcds="false" chngbar="false" first="false" last="false" vkpstart="false" vkpsa="false" kptype="false" kpstart="false" kpsa="false" kpse="false" bkpt="false" nobkpt="false" ebinline="false" lepgraf="false" leitm="false" quadset="false" tbstart="false" tbsa="false" tbend="false" tbrhd="false" bmline="false"><t x="0" y="0" style="fm.copyright.page" cgt="true">687-7551. Please outline the specific material involved, the number of copies you </t></line>
     <line xfinal="0" yfinal="4.25i" lnwidth="3.25i" lnmeas="4.99i" lindent="0" rindent="0" prelead="0" qdtype="left" bandwidth="0.04i" letspace="0" maxasc="0.08i" maxdesc="0.04i" ldextra="0.01i" ljerrs="false" cerrors="false" sobprelead="false" edtrcds="false" chngbar="false" first="false" last="true" vkpstart="false" vkpsa="false" kptype="false" kpstart="false" kpsa="false" kpse="false" bkpt="false" nobkpt="false" ebinline="false" lepgraf="false" leitm="true" quadset="true" tbstart="false" tbsa="false" tbend="false" tbrhd="false" bmline="false"><t x="0" y="0" style="fm.copyright.page" cgt="true">wish to distribute and the purpose or format of the use.<?xpp /ql?></t></line>
    </group>
   </block>
  </stream>
  <stream type="frills" sx="0" sy="0" ssx="0" ssy="0" groupnum="1" svjmode="bottom" epfilltype="none" class="0" rotate="0" strmrot="0" vj_space="0" cerrors="false" cntedit="false" predit="false" recomp="false" frzcomp="false" ipcbal="false" touched="false" tplaced="false" bplaced="false" firstack="false" lastack="false" direction="false" pgscope="false" hfull="false" vfull="false" here="false" before="false" justified="false" balup="false" baldown="false" balrunaway="false">
   <block type="frill" id="0" bx="0" by="8.19i" bsx="4.99i" bsy="0.12i" bisy="0.12i" biy="8.19i" rotate="0" svjmode="bottom" btextlen="0.13i" bslack="0" vjerr="-0.01i" pgtbl="0" ipcnum="0" ipcgnum="1" background-color="#FFFFFF" background-color-cmyk="0 0 0 0" justified="false" trymode="expand" fipcblk="true" lipcblk="true" original="true" bottom="false" rtl="false">
    <group class="unknown" pclass="" dh="/unknown" style="unknown">
     <line xfinal="0" yfinal="0.13i" lnwidth="0" lnmeas="4.99i" lindent="0" rindent="0" prelead="0" qdtype="left" bandwidth="0.05i" letspace="0" maxasc="0.13i" maxdesc="0.07i" ldextra="0" ljerrs="false" cerrors="false" sobprelead="false" edtrcds="false" chngbar="false" first="false" last="false" vkpstart="false" vkpsa="false" kptype="false" kpstart="false" kpsa="false" kpse="false" bkpt="false" nobkpt="false" ebinline="false" lepgraf="false" leitm="false" quadset="false" tbstart="false" tbsa="false" tbend="false" tbrhd="false" bmline="false"><tag name="FSTART"/><t x="0" y="0" style="FSTART" cgt="true" suppress="true">@FSTART@</t><tag name="px"/><t x="0" y="0" style="px" suppress="true">0</t><tag name="pa"/><tag name="FEND"/><t x="0" y="0" style="FEND" cgt="true" suppress="true">@FEND@</t></line>
    </group>
   </block>
  </stream>
 </page>
 <page relpgnum="1" p1="0" p2="0" p3="0" p4="3" p5="0" p6="0" psrnum="2" plname="frt5drop" px="0" py="0" psx="4.99i" psy="8.31i" fsx="6.49i" fsy="10.12i" rotate="0" forcepend="false" lastpage="true" notextinpg="false" filler="false" pfexcept="true" rlfiller="false" pagetype="right">
  <stream type="main" sx="0" sy="0" ssx="0" ssy="0" groupnum="1" svjmode="top" epfilltype="none" class="0" rotate="0" strmrot="0" vj_space="0" cerrors="true" cntedit="false" predit="false" recomp="false" frzcomp="false" ipcbal="false" touched="false" tplaced="false" bplaced="false" firstack="false" lastack="false" direction="false" pgscope="false" hfull="false" vfull="false" here="false" before="false" justified="false" balup="false" baldown="false" balrunaway="false">
   <block type="main" bx="0" by="0.83i" bsx="4.99i" bsy="7.19i" bisy="7.19i" biy="0.83i" rotate="0" svjmode="top" btextlen="0.71i" bslack="6.49i" vjerr="0" pgtbl="0" ipcnum="0" ipcgnum="1" background-color="#FFFFFF" background-color-cmyk="0 0 0 0" justified="true" trymode="expand" fipcblk="true" lipcblk="true" original="true" bottom="true" rtl="false">
    <group class="name" pclass="/frontmatter/fm.contents.checklist/head/name.block" dh="/frontmatter/fm.contents.checklist/head/name.block/name" style="name">
     <line xfinal="0.92i" yfinal="0.1i" lnwidth="3.15i" lnmeas="4.99i" lindent="0" rindent="0" prelead="0" qdtype="center" bandwidth="0.05i" letspace="0" maxasc="0.1i" maxdesc="0.05i" ldextra="0" ljerrs="false" cerrors="true" sobprelead="false" edtrcds="false" chngbar="false" first="true" last="true" vkpstart="false" vkpsa="false" kptype="false" kpstart="false" kpsa="false" kpse="false" bkpt="false" nobkpt="false" ebinline="false" lepgraf="false" leitm="true" quadset="false" tbstart="false" tbsa="false" tbend="false" tbrhd="false" bmline="false"><endtag name="fm.copyright.page"/><tag name="fm.contents.checklist"/><tag name="head"><attr name="align">c</attr><attr name="emph">bold</attr><attr name="font.size">11q</attr></tag><tag name="name.block"/><tag name="name"/><t x="0" y="0" style="name">2017 ANNUAL CONTENTS CHECKLIST</t><endtag name="name"/><endtag name="name.block"/><endtag name="head"/><tag name="para"><attr name="font.size">9q</attr><attr name="pre.leading">2p</attr><attr name="first.para">yes</attr></tag><?xpp xxxxalignment?></line>
    </group>
    <group class="para.text" pclass="/frontmatter/fm.contents.checklist/para" dh="/frontmatter/fm.contents.checklist/para/para.text" style="para.text">
     <line xfinal="0.25i" yfinal="0.57i" lnwidth="4.74i" lnmeas="4.99i" lindent="0.25i" rindent="0" prelead="0.33i" qdtype="justify" bandwidth="0.04i" letspace="0" maxasc="0.08i" maxdesc="0.04i" ldextra="0.01i" ljerrs="false" cerrors="false" sobprelead="false" edtrcds="false" chngbar="false" first="true" last="false" vkpstart="true" vkpsa="false" kptype="false" kpstart="false" kpsa="false" kpse="false" bkpt="false" nobkpt="false" ebinline="false" lepgraf="false" leitm="false" quadset="false" tbstart="false" tbsa="false" tbend="false" tbrhd="false" bmline="false"><tag name="para.text"><attr name="first.para.text">yes</attr></tag><t x="0" y="0" style="para.text">For a checklist specifying the current contents of American Jurisprudence 2d </t></line>
     <line xfinal="0" yfinal="0.71i" lnwidth="4.19i" lnmeas="4.99i" lindent="0" rindent="0" prelead="0" qdtype="left" bandwidth="0.04i" letspace="0" maxasc="0.08i" maxdesc="0.04i" ldextra="0.01i" ljerrs="false" cerrors="false" sobprelead="false" edtrcds="false" chngbar="false" first="false" last="true" vkpstart="false" vkpsa="true" kptype="false" kpstart="false" kpsa="false" kpse="false" bkpt="false" nobkpt="false" ebinline="false" lepgraf="false" leitm="true" quadset="false" tbstart="false" tbsa="false" tbend="false" tbrhd="false" bmline="false"><t x="0" y="0" style="para.text">and a Table of Abbreviations, see the front of the Volume 1 supplement.</t><endtag name="para.text"/><endtag name="para"/><endtag name="fm.contents.checklist"/><endtag name="frontmatter"/></line>
    </group>
   </block>
  </stream>
  <stream type="frills" sx="0" sy="0" ssx="0" ssy="0" groupnum="2" svjmode="bottom" epfilltype="none" class="0" rotate="0" strmrot="0" vj_space="0" cerrors="false" cntedit="false" predit="false" recomp="false" frzcomp="false" ipcbal="false" touched="false" tplaced="false" bplaced="false" firstack="false" lastack="false" direction="false" pgscope="false" hfull="false" vfull="false" here="false" before="false" justified="false" balup="false" baldown="false" balrunaway="false">
   <block type="frill" id="0" bx="0" by="8.19i" bsx="4.99i" bsy="0.12i" bisy="0.12i" biy="8.19i" rotate="0" svjmode="bottom" btextlen="0.08i" bslack="0.04i" vjerr="0" pgtbl="0" ipcnum="0" ipcgnum="1" background-color="#FFFFFF" background-color-cmyk="0 0 0 0" justified="true" trymode="expand" fipcblk="true" lipcblk="true" original="true" bottom="false" rtl="false">
    <group class="rf2" pclass="" dh="/rf2" style="rf2">
     <line xfinal="4.87i" yfinal="0.12i" lnwidth="0.12i" lnmeas="4.99i" lindent="0" rindent="0" prelead="0" qdtype="right" bandwidth="0.05i" letspace="0" maxasc="0.08i" maxdesc="0.04i" ldextra="0" ljerrs="false" cerrors="false" sobprelead="false" edtrcds="false" chngbar="false" first="true" last="true" vkpstart="false" vkpsa="false" kptype="false" kpstart="false" kpsa="false" kpse="false" bkpt="false" nobkpt="false" ebinline="false" lepgraf="false" leitm="true" quadset="true" tbstart="false" tbsa="false" tbend="false" tbrhd="false" bmline="false"><tag name="rf2"/><t x="0" y="0" style="unknown" cgt="true" suppress="true">@FSTART@</t><t x="0" y="0" style="unknown.4" cgt="true">iii</t><t x="0" y="0" style="unknown.4" cgt="true" suppress="true">@FEND@</t></line>
    </group>
   </block>
   <block type="frill" id="0" bx="0" by="8.19i" bsx="4.99i" bsy="0.12i" bisy="0.12i" biy="8.19i" rotate="0" svjmode="bottom" btextlen="0.08i" bslack="0.04i" vjerr="0" pgtbl="0" ipcnum="0" ipcgnum="2" background-color="#FFFFFF" background-color-cmyk="0 0 0 0" justified="true" trymode="expand" fipcblk="true" lipcblk="true" original="true" bottom="false" rtl="false">
    <group class="rffoot" pclass="" dh="/rffoot" style="rffoot">
     <line xfinal="0" yfinal="0.12i" lnwidth="0" lnmeas="4.99i" lindent="0" rindent="0" prelead="0.01i" qdtype="left" bandwidth="0.05i" letspace="0" maxasc="0.08i" maxdesc="0.04i" ldextra="0" ljerrs="false" cerrors="false" sobprelead="true" edtrcds="false" chngbar="false" first="true" last="true" vkpstart="false" vkpsa="false" kptype="false" kpstart="false" kpsa="false" kpse="false" bkpt="false" nobkpt="false" ebinline="false" lepgraf="false" leitm="true" quadset="false" tbstart="false" tbsa="false" tbend="false" tbrhd="false" bmline="false"><tag name="rffoot"/></line>
    </group>
   </block>
  </stream>
 </page>
 <page relpgnum="2" p1="0" p2="0" p3="0" p4="4" p5="0" p6="0" psrnum="2" plname="stdblank" px="0" py="0" psx="4.99i" psy="8.31i" fsx="6.49i" fsy="10.12i" rotate="0" forcepend="false" lastpage="false" notextinpg="true" filler="true" pfexcept="false" rlfiller="true" pagetype="left">
  <stream type="main" sx="0" sy="0" ssx="0" ssy="0" groupnum="0" svjmode="top" epfilltype="none" class="0" rotate="0" strmrot="0" vj_space="0" cerrors="false" cntedit="false" predit="false" recomp="false" frzcomp="false" ipcbal="false" touched="false" tplaced="false" bplaced="false" firstack="false" lastack="false" direction="false" pgscope="false" hfull="false" vfull="false" here="false" before="false" justified="false" balup="false" baldown="false" balrunaway="false">
   <block type="main" bx="0" by="0" bsx="4.99i" bsy="8.31i" bisy="8.31i" biy="0" rotate="0" svjmode="top" btextlen="0" bslack="0" vjerr="0" pgtbl="0" ipcnum="0" ipcgnum="0" background-color="#FFFFFF" background-color-cmyk="0 0 0 0" justified="false" trymode="expand" fipcblk="false" lipcblk="false" original="true" bottom="false" rtl="false">
   </block>
  </stream>
  <stream type="frills" sx="0" sy="0" ssx="0" ssy="0" groupnum="0" svjmode="top" epfilltype="none" class="0" rotate="0" strmrot="0" vj_space="0" cerrors="false" cntedit="false" predit="false" recomp="false" frzcomp="false" ipcbal="false" touched="false" tplaced="false" bplaced="false" firstack="false" lastack="false" direction="false" pgscope="false" hfull="false" vfull="false" here="false" before="false" justified="false" balup="false" baldown="false" balrunaway="false">
  </stream>
 </page>
 </pages>
 <styles>
  <style name="rffoot" basename="rffoot" font="NewCenturySchlbk-Roman" size="0.12i" cm="normal" color="#000000" color-cmyk="0 0 0 1" ff="2" fv="0"/>
  <style name="unknown.4" basename="unknown" font="NewCenturySchlbk-Roman" size="0.12i" cm="normal" color="#000000" color-cmyk="0 0 0 1" ff="2" fv="0"/>
  <style name="rf2" basename="rf2" font="NewCenturySchlbk-Roman" size="0.12i" cm="normal" color="#000000" color-cmyk="0 0 0 1" ff="2" fv="0"/>
  <style name="para.text" basename="para.text" font="NewCenturySchlbk-Roman" size="0.12i" cm="normal" color="#000000" color-cmyk="0 0 0 1" ff="2" fv="0"/>
  <style name="name" basename="name" font="NewCenturySchlbk-Bold" size="0.15i" cm="normal" color="#000000" color-cmyk="0 0 0 1" ff="2" fv="1"/>
  <style name="fm.copyright.page.1" basename="fm.copyright.page" font="NewCenturySchlbk-Bold" size="0.12i" cm="normal" color="#000000" color-cmyk="0 0 0 1" ff="2" fv="1"/>
  <style name="fm.copyright.page" basename="fm.copyright.page" font="NewCenturySchlbk-Roman" size="0.12i" cm="normal" color="#000000" color-cmyk="0 0 0 1" ff="2" fv="0"/>
  <style name="fm.variable.1" basename="fm.variable" font="NewCenturySchlbk-Roman" size="0.14i" cm="normal" color="#000000" color-cmyk="0 0 0 1" ff="2" fv="0"/>
  <style name="text.line.6" basename="text.line" font="NewCenturySchlbk-Roman" size="0.14i" cm="normal" color="#000000" color-cmyk="0 0 0 1" ff="2" fv="0"/>
  <style name="matnum" basename="matnum" font="Helvetica" size="0.11i" cm="normal" color="#000000" color-cmyk="0 0 0 1" ff="1" fv="0"/>
  <style name="unknown.3" basename="unknown" font="Helvetica" size="0.11i" cm="normal" color="#000000" color-cmyk="0 0 0 1" ff="1" fv="0"/>
  <style name="tr;15;f" basename="tr;15;f" font="Helvetica-Bold" size="0.15i" cm="normal" color="#000000" color-cmyk="0 0 0 1" ff="1" fv="1"/>
  <style name="unknown.2" basename="unknown" font="Helvetica-Bold" size="0.15i" cm="normal" color="#000000" color-cmyk="0 0 0 1" ff="1" fv="1"/>
  <style name="FEND" basename="FEND" font="Times-Roman" size="0.18i" cm="normal" color="#000000" color-cmyk="0 0 0 1" ff="0" fv="0"/>
  <style name="px" basename="px" font="Times-Roman" size="0.18i" cm="normal" color="#000000" color-cmyk="0 0 0 1" ff="0" fv="0"/>
  <style name="FSTART" basename="FSTART" font="Times-Roman" size="0.18i" cm="normal" color="#000000" color-cmyk="0 0 0 1" ff="0" fv="0"/>
  <style name="custserv" basename="custserv" font="NewCenturySchlbk-Italic" size="0.12i" cm="normal" color="#000000" color-cmyk="0 0 0 1" ff="2" fv="2"/>
  <style name="unknown.1" basename="unknown" font="NewCenturySchlbk-Italic" size="0.12i" cm="normal" color="#000000" color-cmyk="0 0 0 1" ff="2" fv="2"/>
  <style name="new_westhorz" basename="new_westhorz" font="Times-Roman" size="0.18i" cm="normal" color="#000000" color-cmyk="0 0 0 1" ff="0" fv="0"/>
  <style name="unknown" basename="unknown" font="Times-Roman" size="0.18i" cm="normal" color="#000000" color-cmyk="0 0 0 1" ff="0" fv="0"/>
  <style name="text.line.5" basename="text.line" font="NewCenturySchlbk-Roman" size="0.17i" cm="normal" color="#000000" color-cmyk="0 0 0 1" ff="2" fv="0"/>
  <style name="text.line.4" basename="text.line" font="NewCenturySchlbk-Bold" size="0.12i" cm="normal" color="#000000" color-cmyk="0 0 0 1" ff="2" fv="1"/>
  <style name="fm.title.page" basename="fm.title.page" font="NewCenturySchlbk-Roman" size="0.44i" cm="normal" color="#000000" color-cmyk="0 0 0 1" ff="2" fv="0"/>
  <style name="fm.variable" basename="fm.variable" font="Times-Bold" size="0.15i" cm="normal" color="#000000" color-cmyk="0 0 0 1" ff="0" fv="1"/>
  <style name="text.line.3" basename="text.line" font="Times-Bold" size="0.15i" cm="normal" color="#000000" color-cmyk="0 0 0 1" ff="0" fv="1"/>
  <style name="fm.date.variable.1" basename="fm.date.variable" font="NewCenturySchlbk-Bold" size="0.15i" cm="normal" color="#000000" color-cmyk="0 0 0 1" ff="2" fv="1"/>
  <style name="text.line.2" basename="text.line" font="NewCenturySchlbk-Bold" size="0.15i" cm="normal" color="#000000" color-cmyk="0 0 0 1" ff="2" fv="1"/>
  <style name="text.line.1" basename="text.line" font="NewCenturySchlbk-Bold" size="0.28i" cm="normal" color="#000000" color-cmyk="0 0 0 1" ff="2" fv="1"/>
  <style name="fm.date.variable" basename="fm.date.variable" font="NewCenturySchlbk-Bold" size="0.28i" cm="normal" color="#000000" color-cmyk="0 0 0 1" ff="2" fv="1"/>
  <style name="text.line" basename="text.line" font="NewCenturySchlbk-Bold" size="0.17i" cm="normal" color="#000000" color-cmyk="0 0 0 1" ff="2" fv="1"/>
  <style name="csc.1" basename="csc" font="NewCenturySchlbk-Bold" size="0.44i" cm="smallcap" color="#000000" color-cmyk="0 0 0 1" ff="2" fv="1"/>
  <style name="font.1" basename="font" font="NewCenturySchlbk-Bold" size="0.55i" cm="smallcap" color="#000000" color-cmyk="0 0 0 1" ff="2" fv="1"/>
  <style name="csc" basename="csc" font="NewCenturySchlbk-Bold" size="0.44i" cm="smallcap" color="#000000" color-cmyk="0 0 0 1" ff="2" fv="1"/>
  <style name="fm.pub.variable" basename="fm.pub.variable" font="Times-Roman" size="0.18i" cm="normal" color="#000000" color-cmyk="0 0 0 1" ff="0" fv="0"/>
  <style name="font" basename="font" font="NewCenturySchlbk-Bold" size="0.55i" cm="smallcap" color="#000000" color-cmyk="0 0 0 1" ff="2" fv="1"/>
 </styles>
</document>
